create_at,url,short_url,title,meta_description,lang,content_type,is_available
2025-09-19 15:59:06.130710,https://x.gd/view/notfound,https://x.gd/p5n8d,,,,,False
2025-09-19 15:59:07.512257,https://x.gd/view/notfound,https://x.gd/KC390,,,,,False
2025-09-19 15:59:08.057083,https://x.gd/view/notfound,https://x.gd/v6gfC,,,,,False
2025-09-19 15:59:08.581212,https://x.gd/view/notfound,https://x.gd/XJwnL,,,,,False
2025-09-19 15:59:11.732919,https://x.gd/view/notfound,https://x.gd/Nhu7S,,,,,False
2025-09-19 15:59:12.250289,https://x.gd/view/notfound,https://x.gd/lRZx2,,,,,False
2025-09-19 15:59:12.776596,https://x.gd/view/notfound,https://x.gd/vrTIc,,,,,False
2025-09-19 15:59:13.502585,https://x.gd/view/notfound,https://x.gd/dlSBd,,,,,False
2025-09-19 15:59:16.594046,https://x.gd/view/notfound,https://x.gd/uOVw4,,,,,False
2025-09-19 15:59:17.251250,https://x.gd/view/notfound,https://x.gd/GGceT,,,,,False
2025-09-19 15:59:17.769673,https://x.gd/view/notfound,https://x.gd/O2HQf,,,,,False
2025-09-19 15:59:18.224965,https://x.gd/view/notfound,https://x.gd/yJsSf,,,,,False
2025-09-19 15:59:21.283332,https://x.gd/view/notfound,https://x.gd/JDSUn,,,,,False
2025-09-19 15:59:22.023676,https://x.gd/view/notfound,https://x.gd/QyF7h,,,,,False
2025-09-19 15:59:22.711459,https://x.gd/view/notfound,https://x.gd/aUVp0,,,,,False
2025-09-19 15:59:23.322980,https://x.gd/view/notfound,https://x.gd/SsQOM,,,,,False
2025-09-19 15:59:26.580330,https://x.gd/view/notfound,https://x.gd/YXXB2,,,,,False
2025-09-19 15:59:27.240416,https://x.gd/view/notfound,https://x.gd/sgzD1,,,,,False
2025-09-19 15:59:27.737931,https://x.gd/view/notfound,https://x.gd/YOWiE,,,,,False
2025-09-19 15:59:28.203549,https://x.gd/view/notfound,https://x.gd/xJjVP,,,,,False
2025-09-19 15:59:31.130077,https://x.gd/view/notfound,https://x.gd/1vqwn,,,,,False
2025-09-19 15:59:31.713234,https://x.gd/view/notfound,https://x.gd/x1YBu,,,,,False
2025-09-19 15:59:32.411076,https://x.gd/view/notfound,https://x.gd/ttWhF,,,,,False
2025-09-19 15:59:32.862627,https://x.gd/view/notfound,https://x.gd/z1Kft,,,,,False
2025-09-19 15:59:35.575674,https://x.gd/view/notfound,https://x.gd/S1LMV,,,,,False
2025-09-19 15:59:36.204950,https://x.gd/view/notfound,https://x.gd/jCJR0,,,,,False
2025-09-19 15:59:36.603087,https://x.gd/view/notfound,https://x.gd/tdcPJ,,,,,False
2025-09-19 15:59:37.337850,https://x.gd/view/notfound,https://x.gd/oDjMF,,,,,False
2025-09-19 15:59:40.724198,https://x.gd/view/notfound,https://x.gd/oF9gP,,,,,False
2025-09-19 15:59:41.444935,https://x.gd/view/notfound,https://x.gd/cPHrB,,,,,False
2025-09-19 15:59:42.064753,https://x.gd/view/notfound,https://x.gd/fqFej,,,,,False
2025-09-19 15:59:42.713670,https://x.gd/view/notfound,https://x.gd/BC7sy,,,,,False
2025-09-19 15:59:45.348092,https://x.gd/view/notfound,https://x.gd/rMpth,,,,,False
2025-09-19 15:59:46.171601,https://x.gd/view/notfound,https://x.gd/r2hEI,,,,,False
2025-09-19 15:59:46.534314,https://x.gd/view/notfound,https://x.gd/AZJml,,,,,False
2025-09-19 15:59:47.225892,https://x.gd/view/notfound,https://x.gd/bnxzc,,,,,False
2025-09-19 15:59:50.174919,https://x.gd/view/notfound,https://x.gd/oScUn,,,,,False
2025-09-19 15:59:50.845171,https://x.gd/view/notfound,https://x.gd/bhl8L,,,,,False
2025-09-19 15:59:51.219519,https://x.gd/view/notfound,https://x.gd/i6yoR,,,,,False
2025-09-19 15:59:51.714103,https://x.gd/view/notfound,https://x.gd/4wJmx,,,,,False
2025-09-19 15:59:54.953274,https://x.gd/view/notfound,https://x.gd/Q5j7J,,,,,False
2025-09-19 15:59:55.673551,https://x.gd/view/notfound,https://x.gd/WH7uV,,,,,False
2025-09-19 15:59:56.375337,https://x.gd/view/notfound,https://x.gd/HmgOL,,,,,False
2025-09-19 15:59:56.803725,https://x.gd/view/notfound,https://x.gd/QOwfi,,,,,False
2025-09-19 15:59:59.654231,https://x.gd/view/notfound,https://x.gd/4tqoD,,,,,False
2025-09-19 16:00:00.177899,https://x.gd/view/notfound,https://x.gd/cMuSe,,,,,False
2025-09-19 16:00:00.872752,https://x.gd/view/notfound,https://x.gd/ZD0ss,,,,,False
2025-09-19 16:00:01.504865,https://x.gd/view/notfound,https://x.gd/R6hcB,,,,,False
2025-09-19 16:00:04.099381,https://x.gd/view/notfound,https://x.gd/VPUW1,,,,,False
2025-09-19 16:00:04.771175,https://x.gd/view/notfound,https://x.gd/nSG1h,,,,,False
2025-09-19 16:00:05.459207,https://x.gd/view/notfound,https://x.gd/g9fs4,,,,,False
2025-09-19 16:00:06.036669,https://x.gd/view/notfound,https://x.gd/lekch,,,,,False
2025-09-19 16:00:08.932687,https://x.gd/view/notfound,https://x.gd/0EHEX,,,,,False
2025-09-19 16:00:09.477344,https://x.gd/view/notfound,https://x.gd/o87o1,,,,,False
2025-09-19 16:00:10.189419,https://x.gd/view/notfound,https://x.gd/YIdNE,,,,,False
2025-09-19 16:00:10.534769,https://x.gd/view/notfound,https://x.gd/5400m,,,,,False
2025-09-19 16:00:13.507763,https://x.gd/view/notfound,https://x.gd/HBX5f,,,,,False
2025-09-19 16:00:13.944877,https://x.gd/view/notfound,https://x.gd/GKriV,,,,,False
2025-09-19 16:00:14.448217,https://x.gd/view/notfound,https://x.gd/bxoNJ,,,,,False
2025-09-19 16:00:14.908232,https://x.gd/view/notfound,https://x.gd/LsPcn,,,,,False
2025-09-19 16:00:18.218003,https://x.gd/view/notfound,https://x.gd/awMaa,,,,,False
2025-09-19 16:00:18.749123,https://x.gd/view/notfound,https://x.gd/PVe1s,,,,,False
2025-09-19 16:00:19.459826,https://x.gd/view/notfound,https://x.gd/DaHpT,,,,,False
2025-09-19 16:00:20.046180,https://x.gd/view/notfound,https://x.gd/0Fvpn,,,,,False
2025-09-19 16:00:22.961636,https://x.gd/view/notfound,https://x.gd/fHi2R,,,,,False
2025-09-19 16:00:23.567677,https://x.gd/view/notfound,https://x.gd/6QpC4,,,,,False
2025-09-19 16:00:24.220346,https://x.gd/view/notfound,https://x.gd/syaEe,,,,,False
2025-09-19 16:00:25.021380,https://x.gd/view/notfound,https://x.gd/3ZDYh,,,,,False
2025-09-19 16:00:27.845040,https://x.gd/view/notfound,https://x.gd/Ao9Jq,,,,,False
2025-09-19 16:00:28.327819,https://x.gd/view/notfound,https://x.gd/vbOY9,,,,,False
2025-09-19 16:00:28.958176,https://x.gd/view/notfound,https://x.gd/7ezhg,,,,,False
2025-09-19 16:00:29.795536,https://esca4.app.goo.gl/sbzVuTKUNreQiAwH7,https://x.gd/nal02,,,en,text/html; charset=utf-8,True
2025-09-19 16:00:32.259243,https://x.gd/view/notfound,https://x.gd/TE3eH,,,,,False
2025-09-19 16:00:32.853792,https://x.gd/view/notfound,https://x.gd/nMcde,,,,,False
2025-09-19 16:00:34.080408,https://x.gd/view/notfound,https://x.gd/uvqZa,,,,,False
2025-09-19 16:00:36.123609,https://gigafile.nu,https://x.gd/SO3La,無料大容量 ファイル転送サービス GigaFile(ギガファイル)便,無料大容量 ファイル転送サービス GigaFile（ギガファイル）便！「３日～１００日」選べる７種類のファイルの保持期限に加え、１ファイル300Gまでアップロード、共有可能！もちろん容量無制限でアンチウイルス装備。会員登録も不要です。,ja,text/html; charset=UTF-8,True
2025-09-19 16:00:37.006555,https://x.gd/view/notfound,https://x.gd/o0ivi,,,,,False
2025-09-19 16:00:37.556051,https://x.gd/view/notfound,https://x.gd/nH6g5,,,,,False
2025-09-19 16:00:38.866022,https://x.gd/view/notfound,https://x.gd/aFywY,,,,,False
2025-09-19 16:00:40.656216,https://x.gd/view/notfound,https://x.gd/ljh9X,,,,,False
2025-09-19 16:00:41.997534,https://x.gd/view/notfound,https://x.gd/m1Skr,,,,,False
2025-09-19 16:00:42.685378,https://x.gd/view/notfound,https://x.gd/LKX3B,,,,,False
2025-09-19 16:00:43.852071,https://x.gd/view/notfound,https://x.gd/BnIVP,,,,,False
2025-09-19 16:00:45.753345,https://x.gd/view/notfound,https://x.gd/0cKNc,,,,,False
2025-09-19 16:00:47.068027,https://x.gd/view/notfound,https://x.gd/x5SdG,,,,,False
2025-09-19 16:00:48.313153,https://x.gd/view/notfound,https://x.gd/kawjI,,,,,False
2025-09-19 16:00:49.544028,https://x.gd/view/notfound,https://x.gd/JfdnH,,,,,False
2025-09-19 16:00:50.837384,https://x.gd/view/notfound,https://x.gd/qcbJh,,,,,False
2025-09-19 16:00:52.169902,https://x.gd/view/notfound,https://x.gd/2XW69,,,,,False
2025-09-19 16:00:53.395366,https://x.gd/view/notfound,https://x.gd/Etd6L,,,,,False
2025-09-19 16:00:54.598845,https://x.gd/view/notfound,https://x.gd/7CKpd,,,,,False
2025-09-19 16:00:55.964715,https://x.gd/view/notfound,https://x.gd/Td9Wt,,,,,False
2025-09-19 16:00:57.182966,https://x.gd/view/notfound,https://x.gd/T2hco,,,,,False
2025-09-19 16:00:58.054715,https://x.gd/view/notfound,https://x.gd/qDisl,,,,,False
2025-09-19 16:00:59.106303,https://x.gd/view/notfound,https://x.gd/4Gb3z,,,,,False
2025-09-19 16:01:00.150602,https://x.gd/view/notfound,https://x.gd/63Q0a,,,,,False
2025-09-19 16:01:01.198195,https://x.gd/view/notfound,https://x.gd/jJxx5,,,,,False
2025-09-19 16:01:02.593991,https://x.gd/view/notfound,https://x.gd/KYgae,,,,,False
2025-09-19 16:01:04.001098,https://x.gd/view/notfound,https://x.gd/9bZ6s,,,,,False
2025-09-19 16:01:05.396867,https://x.gd/view/notfound,https://x.gd/7Dq32,,,,,False
2025-09-19 16:01:06.779779,https://x.gd/view/notfound,https://x.gd/OjCKL,,,,,False
2025-09-19 16:01:08.025695,https://x.gd/view/notfound,https://x.gd/S1ZjX,,,,,False
2025-09-19 16:01:08.822381,https://x.gd/view/notfound,https://x.gd/AR5B8,,,,,False
2025-09-19 16:01:10.093658,https://x.gd/view/notfound,https://x.gd/MhL3X,,,,,False
2025-09-19 16:01:11.182892,https://x.gd/view/notfound,https://x.gd/XjTpw,,,,,False
2025-09-19 16:01:12.611536,https://x.gd/view/notfound,https://x.gd/hay75,,,,,False
2025-09-19 16:01:13.579280,https://x.gd/view/notfound,https://x.gd/KQHGE,,,,,False
2025-09-19 16:01:14.950755,https://x.gd/view/notfound,https://x.gd/hMuHE,,,,,False
2025-09-19 16:01:15.918951,https://x.gd/view/notfound,https://x.gd/8kFtn,,,,,False
2025-09-19 16:01:17.209749,https://x.gd/view/notfound,https://x.gd/eZU4V,,,,,False
2025-09-19 16:01:18.497880,https://x.gd/view/notfound,https://x.gd/nuvyq,,,,,False
2025-09-19 16:01:19.397618,https://x.gd/view/notfound,https://x.gd/5bO58,,,,,False
2025-09-19 16:01:20.594480,https://x.gd/view/notfound,https://x.gd/OtH3Y,,,,,False
2025-09-19 16:01:21.646785,https://x.gd/view/notfound,https://x.gd/pjaT6,,,,,False
2025-09-19 16:01:22.869990,https://x.gd/view/notfound,https://x.gd/sK9hn,,,,,False
2025-09-19 16:01:23.752067,https://x.gd/view/notfound,https://x.gd/cPnYC,,,,,False
2025-09-19 16:01:24.789354,https://x.gd/view/notfound,https://x.gd/skYsr,,,,,False
2025-09-19 16:01:26.050666,https://x.gd/view/notfound,https://x.gd/I1XlX,,,,,False
2025-09-19 16:01:27.327232,https://x.gd/view/notfound,https://x.gd/5qL2Y,,,,,False
2025-09-19 16:01:28.558938,https://x.gd/view/notfound,https://x.gd/1dIt4,,,,,False
2025-09-19 16:01:29.897783,https://x.gd/view/notfound,https://x.gd/BbfVC,,,,,False
2025-09-19 16:01:31.343814,https://x.gd/view/notfound,https://x.gd/h8diG,,,,,False
2025-09-19 16:01:32.604625,https://x.gd/view/notfound,https://x.gd/A8NsS,,,,,False
2025-09-19 16:01:33.832536,https://x.gd/view/notfound,https://x.gd/j8zef,,,,,False
2025-09-19 16:01:35.256403,https://x.gd/view/notfound,https://x.gd/7JeLz,,,,,False
2025-09-19 16:01:36.573249,https://x.gd/view/notfound,https://x.gd/rVMPw,,,,,False
2025-09-19 16:01:37.803640,https://x.gd/view/notfound,https://x.gd/oEBw0,,,,,False
2025-09-19 16:01:39.141591,https://x.gd/view/notfound,https://x.gd/sF69f,,,,,False
2025-09-19 16:01:40.337672,https://x.gd/view/notfound,https://x.gd/FI1Yl,,,,,False
2025-09-19 16:01:41.567131,https://x.gd/view/notfound,https://x.gd/FpBzr,,,,,False
2025-09-19 16:01:42.885664,https://x.gd/view/notfound,https://x.gd/bnm11,,,,,False
2025-09-19 16:01:43.789110,https://x.gd/view/notfound,https://x.gd/AIx9w,,,,,False
2025-09-19 16:01:44.607559,https://x.gd/view/notfound,https://x.gd/MltQ4,,,,,False
2025-09-19 16:01:45.670766,https://x.gd/view/notfound,https://x.gd/SpElA,,,,,False
2025-09-19 16:01:46.959734,https://x.gd/view/notfound,https://x.gd/dRtkS,,,,,False
2025-09-19 16:01:48.204676,https://x.gd/view/notfound,https://x.gd/221BV,,,,,False
2025-09-19 16:01:49.538970,https://x.gd/view/notfound,https://x.gd/FdFjr,,,,,False
2025-09-19 16:01:50.681910,https://x.gd/view/notfound,https://x.gd/9v3aX,,,,,False
2025-09-19 16:01:51.563609,https://x.gd/view/notfound,https://x.gd/2LLNe,,,,,False
2025-09-19 16:01:53.423085,https://www.dorus.co.kr/work/employ_detail.html?no=91807,https://x.gd/rBO5e,,,ko,text/html,True
2025-09-19 16:01:54.080774,https://x.gd/view/notfound,https://x.gd/HbaVT,,,,,False
2025-09-19 16:01:54.494725,https://x.gd/view/notfound,https://x.gd/ZglYD,,,,,False
2025-09-19 16:01:57.170555,https://x.gd/view/notfound,https://x.gd/giJKn,,,,,False
2025-09-19 16:01:57.745703,https://x.gd/view/notfound,https://x.gd/lrYMb,,,,,False
2025-09-19 16:01:58.345884,https://x.gd/view/notfound,https://x.gd/1cudS,,,,,False
2025-09-19 16:02:00.591642,https://x.gd/view/notfound,https://x.gd/tR65i,,,,,False
2025-09-19 16:02:01.523504,https://www.1stwise.com/tour/%E3%83%8F%E3%83%AF%E3%82%A4%E3%83%84%E3%82%A2%E3%83%BC-%E6%88%90%E7%94%B0-%E3%82%AA%E3%82%A2%E3%83%95%E5%B3%B6%EF%BC%88%E3%83%9B%E3%83%8E%E3%83%AB%E3%83%AB%EF%BC%89-%E3%82%B7%E3%82%A7%E3%83%A9%E3%83%88%E3%83%B3%E3%83%AF%E3%82%A4%E3%82%AD%E3%82%AD%E3%83%9B%E3%83%86%E3%83%AB/HWITSPSWK104J3/2025-12-22,https://x.gd/4OM7e,オアフ島（ホノルル） 成田発 ★【おトクな人気ツアー♪】★無料でオーシャンビュー（ベッド1台または2台選択可）へアップグレード！13時アーリーチェックイン＆4ホテルで利用できるお得な朝食1回付！◎シェラトン・ワイキキ6日間◎日本航空指定/空港～ホテル間往復専用車送迎付き | ハワイ旅行・ツアー専門店【ファーストワイズ】,オアフ島（ホノルル） 成田発 ★【おトクな人気ツアー♪】★無料でオーシャンビュー（ベッド1台または2台選択可）へアップグレード！13時アーリーチェックイン＆4ホテルで利用できるお得な朝食1回付！◎シェラトン・ワイキキ6日間◎日本航空指定/空港～ホテル間往復専用車送迎付き。ハワイ旅行専門ファーストワイズでは、すべてのハワイツアープランが無料でカスタマイズ可能！お問い合わせ先 0120(101)747【通話無料】,ja,text/html; charset=UTF-8,True
2025-09-19 16:02:01.866003,https://x.gd/view/notfound,https://x.gd/52mcM,,,,,False
2025-09-19 16:02:04.563770,https://x.gd/view/notfound,https://x.gd/Guq9x,,,,,False
2025-09-19 16:02:05.156170,https://x.gd/view/notfound,https://x.gd/nIk0r,,,,,False
2025-09-19 16:02:05.822309,https://x.gd/view/notfound,https://x.gd/cR7pl,,,,,False
2025-09-19 16:02:08.541881,https://x.gd/view/notfound,https://x.gd/tpX0E,,,,,False
2025-09-19 16:02:09.213609,https://x.gd/view/notfound,https://x.gd/xDZjO,,,,,False
2025-09-19 16:02:09.889568,https://x.gd/view/notfound,https://x.gd/X4xbv,,,,,False
2025-09-19 16:02:11.980812,https://x.gd/view/notfound,https://x.gd/L2B2P,,,,,False
2025-09-19T16:02:12.413523,https://news.tv-asahi.co.jp/news.../articles/000440213.html,https://x.gd/hX3bm,,,,,True
2025-09-19 16:02:13.733052,https://x.gd/view/notfound,https://x.gd/FkQvb,,,,,False
2025-09-19 16:02:14.785431,https://x.gd/view/notfound,https://x.gd/iHHEL,,,,,False
2025-09-19 16:02:16.130917,https://x.gd/view/notfound,https://x.gd/CIGda,,,,,False
2025-09-19 16:02:17.140357,https://x.gd/view/notfound,https://x.gd/zDcha,,,,,False
2025-09-19 16:02:18.234906,https://x.gd/view/notfound,https://x.gd/AXUh7,,,,,False
2025-09-19 16:02:19.795543,https://x.gd/view/notfound,https://x.gd/o7K7M,,,,,False
2025-09-19 16:02:21.348348,https://x.gd/view/notfound,https://x.gd/vFQXL,,,,,False
2025-09-19 16:02:24.180765,https://x.gd/view/notfound,https://x.gd/IGzKd,,,,,False
2025-09-19 16:02:25.531281,https://x.gd/view/notfound,https://x.gd/U1a7u,,,,,False
2025-09-19 16:02:26.662899,https://x.gd/view/notfound,https://x.gd/7YqYU,,,,,False
2025-09-19 16:02:27.917641,https://x.gd/view/notfound,https://x.gd/Jqskx,,,,,False
2025-09-19 16:02:28.936852,https://x.gd/view/notfound,https://x.gd/72G18,,,,,False
2025-09-19 16:02:29.991671,https://x.gd/view/notfound,https://x.gd/peWDg,,,,,False
2025-09-19 16:02:31.159144,https://x.gd/view/notfound,https://x.gd/lEs9n,,,,,False
2025-09-19 16:02:32.315713,https://x.gd/view/notfound,https://x.gd/Alty6,,,,,False
2025-09-19 16:02:33.438257,https://x.gd/view/notfound,https://x.gd/P5rqo,,,,,False
